id,entry_number,entry_date,status,source_id,description,debit_SAR,credit_SAR,line_count,audit_count
"79","JE-00000079","2025-12-01","posted","ff316fd33b56c91c4a383043:row-2:barcode-6287020840074:month-2025-12","مبيعات تاريخية مستوردة - Papillon - EVORA PARFUME 50ML - 2025-12","2117.7200","2117.7200","3","1"
"80","JE-00000080","2025-12-01","posted","ff316fd33b56c91c4a383043:row-3:barcode-6287020840098:month-2025-12","مبيعات تاريخية مستوردة - Papillon - LUMISK HAIR MUST 35ML - 2025-12","934.4700","934.4700","3","1"
"81","JE-00000081","2025-12-01","posted","ff316fd33b56c91c4a383043:row-4:barcode-6287020840081:month-2025-12","مبيعات تاريخية مستوردة - Papillon - LUNÉRA HAIR MUST 35ML - 2025-12","493.0500","493.0500","3","1"
"82","JE-00000082","2025-12-01","posted","ff316fd33b56c91c4a383043:row-5:barcode-6287020840104:month-2025-12","مبيعات تاريخية مستوردة - Papillon - PEACH MOSS HAIR MUST 35ML - 2025-12","690.2700","690.2700","3","1"
"83","JE-00000083","2025-12-01","posted","ff316fd33b56c91c4a383043:row-6:barcode-6287020840050:month-2025-12","مبيعات تاريخية مستوردة - Papillon - LADY LULU EXTRAIT DE PARFUM  50ML - 2025-12","1873.0000","1873.0000","3","1"
"84","JE-00000084","2025-12-01","posted","ff316fd33b56c91c4a383043:row-7:barcode-6287020840036:month-2025-12","مبيعات تاريخية مستوردة - Papillon - ROYAL JASMINE EXTRAIT DE PARFUM  50ML - 2025-12","1414.9600","1414.9600","3","1"
"85","JE-00000085","2025-12-01","posted","ff316fd33b56c91c4a383043:row-8:barcode-6287020840012:month-2025-12","مبيعات تاريخية مستوردة - Papillon - ROYAL MUSK EXTRAIT DE PARFUM  50ML - 2025-12","3546.8400","3546.8400","3","1"
"86","JE-00000086","2025-12-01","posted","ff316fd33b56c91c4a383043:row-9:barcode-6287020840029:month-2025-12","مبيعات تاريخية مستوردة - Papillon - ROYAL OUD PARFUME 50ML - 2025-12","1790.6400","1790.6400","3","1"
"87","JE-00000087","2025-12-01","posted","ff316fd33b56c91c4a383043:row-10:barcode-6287020840067:month-2025-12","مبيعات تاريخية مستوردة - Papillon - SOLENNE EXTRAIT DE PARFUM  50ML - 2025-12","2695.2800","2695.2800","3","1"
"88","JE-00000088","2026-02-01","posted","ff316fd33b56c91c4a383043:row-12:barcode-6287020840098:month-2026-02","مبيعات تاريخية مستوردة - Glow House - LUMISK HAIR MUST 35ML - 2026-02","173.0400","173.0400","3","1"
"89","JE-00000089","2026-02-01","posted","ff316fd33b56c91c4a383043:row-13:barcode-6287020840012:month-2026-02","مبيعات تاريخية مستوردة - Glow House - ROYAL MUSK EXTRAIT DE PARFUM  50ML - 2026-02","268.7000","268.7000","3","1"
"90","JE-00000090","2026-02-01","posted","ff316fd33b56c91c4a383043:row-14:barcode-6287020840050:month-2026-02","مبيعات تاريخية مستوردة - Glow House - LADY LULU EXTRAIT DE PARFUM  50ML - 2026-02","312.1700","312.1700","3","1"
"91","JE-00000091","2026-02-01","posted","ff316fd33b56c91c4a383043:row-15:barcode-6287020840104:month-2026-02","مبيعات تاريخية مستوردة - Glow House - PEACH MOSS HAIR MUST 35ML - 2026-02","164.3500","164.3500","3","1"
"92","JE-00000092","2026-02-01","posted","ff316fd33b56c91c4a383043:row-16:barcode-6287020840029:month-2026-02","مبيعات تاريخية مستوردة - Glow House - ROYAL OUD PARFUME 50ML - 2026-02","373.0400","373.0400","3","1"
"93","JE-00000093","2026-02-01","posted","ff316fd33b56c91c4a383043:row-17:barcode-6287020840067:month-2026-02","مبيعات تاريخية مستوردة - Glow House - SOLENNE EXTRAIT DE PARFUM  50ML - 2026-02","320.8700","320.8700","3","1"
"94","JE-00000094","2026-02-01","posted","ff316fd33b56c91c4a383043:row-18:barcode-6287020840012:month-2026-02","مبيعات تاريخية مستوردة - Glow House - ROYAL MUSK EXTRAIT DE PARFUM  50ML - 2026-02","268.7000","268.7000","3","1"
"95","JE-00000095","2026-02-01","posted","ff316fd33b56c91c4a383043:row-19:barcode-6287020840098:month-2026-02","مبيعات تاريخية مستوردة - Glow House - LUMISK HAIR MUST 35ML - 2026-02","173.0400","173.0400","3","1"
"96","JE-00000096","2026-02-01","posted","ff316fd33b56c91c4a383043:row-20:barcode-6287020840012:month-2026-02","مبيعات تاريخية مستوردة - Glow House - ROYAL MUSK EXTRAIT DE PARFUM  50ML - 2026-02","268.7000","268.7000","3","1"
"97","JE-00000097","2026-02-01","posted","ff316fd33b56c91c4a383043:row-21:barcode-6287020840029:month-2026-02","مبيعات تاريخية مستوردة - Glow House - ROYAL OUD PARFUME 50ML - 2026-02","373.0400","373.0400","3","1"
"98","JE-00000098","2026-02-01","posted","ff316fd33b56c91c4a383043:row-22:barcode-6287020840067:month-2026-02","مبيعات تاريخية مستوردة - Glow House - SOLENNE EXTRAIT DE PARFUM  50ML - 2026-02","320.8700","320.8700","3","1"
"99","JE-00000099","2026-02-01","posted","ff316fd33b56c91c4a383043:row-23:barcode-6287020840104:month-2026-02","مبيعات تاريخية مستوردة - Glow House - PEACH MOSS HAIR MUST 35ML - 2026-02","164.3500","164.3500","3","1"
"100","JE-00000100","2026-02-01","posted","ff316fd33b56c91c4a383043:row-24:barcode-6287020840029:month-2026-02","مبيعات تاريخية مستوردة - Glow House - ROYAL OUD PARFUME 50ML - 2026-02","373.0400","373.0400","3","1"
"101","JE-00000101","2026-02-01","posted","ff316fd33b56c91c4a383043:row-25:barcode-6287020840012:month-2026-02","مبيعات تاريخية مستوردة - Glow House - ROYAL MUSK EXTRAIT DE PARFUM  50ML - 2026-02","537.4000","537.4000","3","1"
"102","JE-00000102","2026-02-01","posted","ff316fd33b56c91c4a383043:row-26:barcode-6287020840074:month-2026-02","مبيعات تاريخية مستوردة - Glow House - EVORA PARFUME 50ML - 2026-02","320.8700","320.8700","3","1"
"103","JE-00000103","2026-02-01","posted","ff316fd33b56c91c4a383043:row-27:barcode-6287020840104:month-2026-02","مبيعات تاريخية مستوردة - Glow House - PEACH MOSS HAIR MUST 35ML - 2026-02","164.3500","164.3500","3","1"
"104","JE-00000104","2026-02-01","posted","ff316fd33b56c91c4a383043:row-28:barcode-6287020840098:month-2026-02","مبيعات تاريخية مستوردة - Glow House - LUMISK HAIR MUST 35ML - 2026-02","346.0800","346.0800","3","1"
"105","JE-00000105","2026-02-01","posted","ff316fd33b56c91c4a383043:row-29:barcode-6287020840098:month-2026-02","مبيعات تاريخية مستوردة - Glow House - LUMISK HAIR MUST 35ML - 2026-02","173.0400","173.0400","3","1"
"106","JE-00000106","2026-02-01","posted","ff316fd33b56c91c4a383043:row-30:barcode-6287020840012:month-2026-02","مبيعات تاريخية مستوردة - Glow House - ROYAL MUSK EXTRAIT DE PARFUM  50ML - 2026-02","268.7000","268.7000","3","1"
"107","JE-00000107","2026-02-01","posted","ff316fd33b56c91c4a383043:row-31:barcode-6287020840098:month-2026-02","مبيعات تاريخية مستوردة - Glow House - LUMISK HAIR MUST 35ML - 2026-02","519.1200","519.1200","3","1"
"108","JE-00000108","2026-02-01","posted","ff316fd33b56c91c4a383043:row-32:barcode-6287020840012:month-2026-02","مبيعات تاريخية مستوردة - Glow House - ROYAL MUSK EXTRAIT DE PARFUM  50ML - 2026-02","537.4000","537.4000","3","1"
"109","JE-00000109","2026-02-01","posted","ff316fd33b56c91c4a383043:row-33:barcode-6287020840012:month-2026-02","مبيعات تاريخية مستوردة - Glow House - ROYAL MUSK EXTRAIT DE PARFUM  50ML - 2026-02","806.1000","806.1000","3","1"
"110","JE-00000110","2026-02-01","posted","ff316fd33b56c91c4a383043:row-34:barcode-6287020840098:month-2026-02","مبيعات تاريخية مستوردة - Glow House - LUMISK HAIR MUST 35ML - 2026-02","346.0800","346.0800","3","1"
"111","JE-00000111","2026-01-01","posted","ff316fd33b56c91c4a383043:row-35:barcode-6287020840029:month-2026-01","مبيعات تاريخية مستوردة - Musk Ellolo - ROYAL OUD PARFUME 50ML - 2026-01","4103.4783","4103.4783","3","1"
"112","JE-00000112","2026-01-01","posted","ff316fd33b56c91c4a383043:row-36:barcode-6287020840012:month-2026-01","مبيعات تاريخية مستوردة - Musk Ellolo - ROYAL MUSK EXTRAIT DE PARFUM  50ML - 2026-01","26063.4783","26063.4783","3","1"
"113","JE-00000113","2026-01-01","posted","ff316fd33b56c91c4a383043:row-37:barcode-6287020840036:month-2026-01","مبيعات تاريخية مستوردة - Musk Ellolo - ROYAL JASMINE EXTRAIT DE PARFUM  50ML - 2026-01","4716.5217","4716.5217","3","1"
"114","JE-00000114","2026-01-01","posted","ff316fd33b56c91c4a383043:row-38:barcode-6287020840050:month-2026-01","مبيعات تاريخية مستوردة - Musk Ellolo - LADY LULU EXTRAIT DE PARFUM  50ML - 2026-01","2497.3913","2497.3913","3","1"
"115","JE-00000115","2026-01-01","posted","ff316fd33b56c91c4a383043:row-39:barcode-6287020840074:month-2026-01","مبيعات تاريخية مستوردة - Musk Ellolo - EVORA PARFUME 50ML - 2026-01","1604.3478","1604.3478","3","1"
"116","JE-00000116","2026-01-01","posted","ff316fd33b56c91c4a383043:row-40:barcode-6287020840067:month-2026-01","مبيعات تاريخية مستوردة - Musk Ellolo - SOLENNE EXTRAIT DE PARFUM  50ML - 2026-01","2566.9565","2566.9565","3","1"
"117","JE-00000117","2026-01-01","posted","ff316fd33b56c91c4a383043:row-41:barcode-6287020840081:month-2026-01","مبيعات تاريخية مستوردة - Musk Ellolo - LUNÉRA HAIR MUST 35ML - 2026-01","164.3478","164.3478","3","1"
"118","JE-00000118","2026-01-01","posted","ff316fd33b56c91c4a383043:row-42:barcode-6287020840104:month-2026-01","مبيعات تاريخية مستوردة - Musk Ellolo - PEACH MOSS HAIR MUST 35ML - 2026-01","657.3913","657.3913","3","1"
"119","JE-00000119","2026-01-01","posted","ff316fd33b56c91c4a383043:row-43:barcode-6287020840098:month-2026-01","مبيعات تاريخية مستوردة - Musk Ellolo - LUMISK HAIR MUST 35ML - 2026-01","2595.6522","2595.6522","3","1"
"120","JE-00000120","2026-01-01","posted","ff316fd33b56c91c4a383043:row-44:barcode-6287020840012:month-2026-01","مبيعات تاريخية مستوردة - Papillon - ROYAL MUSK EXTRAIT DE PARFUM  50ML - 2026-01","6180.0000","6180.0000","3","1"
"121","JE-00000121","2026-01-01","posted","ff316fd33b56c91c4a383043:row-45:barcode-6287020840029:month-2026-01","مبيعات تاريخية مستوردة - Papillon - ROYAL OUD PARFUME 50ML - 2026-01","2611.3043","2611.3043","3","1"
"122","JE-00000122","2026-01-01","posted","ff316fd33b56c91c4a383043:row-46:barcode-6287020840036:month-2026-01","مبيعات تاريخية مستوردة - Papillon - ROYAL JASMINE EXTRAIT DE PARFUM  50ML - 2026-01","3832.1739","3832.1739","3","1"
"123","JE-00000123","2026-01-01","posted","ff316fd33b56c91c4a383043:row-47:barcode-6287020840050:month-2026-01","مبيعات تاريخية مستوردة - Papillon - LADY LULU EXTRAIT DE PARFUM  50ML - 2026-01","1560.8696","1560.8696","3","1"
"124","JE-00000124","2026-01-01","posted","ff316fd33b56c91c4a383043:row-48:barcode-6287020840067:month-2026-01","مبيعات تاريخية مستوردة - Papillon - SOLENNE EXTRAIT DE PARFUM  50ML - 2026-01","641.7391","641.7391","3","1"
"125","JE-00000125","2026-01-01","posted","ff316fd33b56c91c4a383043:row-49:barcode-6287020840074:month-2026-01","مبيعات تاريخية مستوردة - Papillon - EVORA PARFUME 50ML - 2026-01","962.6087","962.6087","3","1"
"126","JE-00000126","2026-01-01","posted","ff316fd33b56c91c4a383043:row-51:barcode-6287020840104:month-2026-01","مبيعات تاريخية مستوردة - Papillon - PEACH MOSS HAIR MUST 35ML - 2026-01","164.3478","164.3478","3","1"
"127","JE-00000127","2026-01-01","posted","ff316fd33b56c91c4a383043:row-52:barcode-6287020840098:month-2026-01","مبيعات تاريخية مستوردة - Papillon - LUMISK HAIR MUST 35ML - 2026-01","173.0435","173.0435","3","1"
"128","JE-00000128","2026-03-01","posted","ff316fd33b56c91c4a383043:row-53:barcode-6287020840012:month-2026-03","مبيعات تاريخية مستوردة - Musk Ellolo - ROYAL MUSK EXTRAIT DE PARFUM  50ML - 2026-03","6180.0000","6180.0000","3","1"
"129","JE-00000129","2026-03-01","posted","ff316fd33b56c91c4a383043:row-54:barcode-6287020840081:month-2026-03","مبيعات تاريخية مستوردة - Musk Ellolo - LUNÉRA HAIR MUST 35ML - 2026-03","1479.1304","1479.1304","3","1"
"130","JE-00000130","2026-03-01","posted","ff316fd33b56c91c4a383043:row-55:barcode-6287020840029:month-2026-03","مبيعات تاريخية مستوردة - Musk Ellolo - ROYAL OUD PARFUME 50ML - 2026-03","1865.2174","1865.2174","3","1"
"131","JE-00000131","2026-03-01","posted","ff316fd33b56c91c4a383043:row-56:barcode-6287020840036:month-2026-03","مبيعات تاريخية مستوردة - Musk Ellolo - ROYAL JASMINE EXTRAIT DE PARFUM  50ML - 2026-03","2358.2609","2358.2609","3","1"
"132","JE-00000132","2026-03-01","posted","ff316fd33b56c91c4a383043:row-57:barcode-6287020840104:month-2026-03","مبيعات تاريخية مستوردة - Musk Ellolo - PEACH MOSS HAIR MUST 35ML - 2026-03","493.0435","493.0435","3","1"
"133","JE-00000133","2026-03-01","posted","ff316fd33b56c91c4a383043:row-58:barcode-6287020840098:month-2026-03","مبيعات تاريخية مستوردة - Musk Ellolo - LUMISK HAIR MUST 35ML - 2026-03","2076.5217","2076.5217","3","1"
"134","JE-00000134","2026-03-01","posted","ff316fd33b56c91c4a383043:row-59:barcode-6287020840050:month-2026-03","مبيعات تاريخية مستوردة - Musk Ellolo - LADY LULU EXTRAIT DE PARFUM  50ML - 2026-03","1248.6957","1248.6957","3","1"
"135","JE-00000135","2026-03-01","posted","ff316fd33b56c91c4a383043:row-60:barcode-6287020840074:month-2026-03","مبيعات تاريخية مستوردة - Musk Ellolo - EVORA PARFUME 50ML - 2026-03","320.8696","320.8696","3","1"
"136","JE-00000136","2026-04-01","posted","ff316fd33b56c91c4a383043:row-61:barcode-6287020840012:month-2026-04","مبيعات تاريخية مستوردة - Musk Ellolo - ROYAL MUSK EXTRAIT DE PARFUM  50ML - 2026-04","3224.3478","3224.3478","3","1"
"137","JE-00000137","2026-04-01","posted","ff316fd33b56c91c4a383043:row-62:barcode-6287020840081:month-2026-04","مبيعات تاريخية مستوردة - Musk Ellolo - LUNÉRA HAIR MUST 35ML - 2026-04","164.3478","164.3478","3","1"
"138","JE-00000138","2026-04-01","posted","ff316fd33b56c91c4a383043:row-63:barcode-6287020840029:month-2026-04","مبيعات تاريخية مستوردة - Musk Ellolo - ROYAL OUD PARFUME 50ML - 2026-04","1119.1304","1119.1304","3","1"
"139","JE-00000139","2026-04-01","posted","ff316fd33b56c91c4a383043:row-64:barcode-6287020840036:month-2026-04","مبيعات تاريخية مستوردة - Musk Ellolo - ROYAL JASMINE EXTRAIT DE PARFUM  50ML - 2026-04","589.5652","589.5652","3","1"
"140","JE-00000140","2026-04-01","posted","ff316fd33b56c91c4a383043:row-65:barcode-6287020840104:month-2026-04","مبيعات تاريخية مستوردة - Musk Ellolo - PEACH MOSS HAIR MUST 35ML - 2026-04","164.3478","164.3478","3","1"
"141","JE-00000141","2026-04-01","posted","ff316fd33b56c91c4a383043:row-66:barcode-6287020840098:month-2026-04","مبيعات تاريخية مستوردة - Musk Ellolo - LUMISK HAIR MUST 35ML - 2026-04","173.0435","173.0435","3","1"
"142","JE-00000142","2026-05-01","posted","ff316fd33b56c91c4a383043:row-67:barcode-6287020840012:month-2026-05","مبيعات تاريخية مستوردة - Musk Ellolo - ROYAL MUSK EXTRAIT DE PARFUM  50ML - 2026-05","2955.6522","2955.6522","3","1"
"143","JE-00000143","2026-05-01","posted","ff316fd33b56c91c4a383043:row-68:barcode-6287020840081:month-2026-05","مبيعات تاريخية مستوردة - Musk Ellolo - LUNÉRA HAIR MUST 35ML - 2026-05","328.6957","328.6957","3","1"
"144","JE-00000144","2026-02-01","posted","ff316fd33b56c91c4a383043:row-69:barcode-6287020840012:month-2026-02","مبيعات تاريخية مستوردة - Musk Ellolo - ROYAL MUSK EXTRAIT DE PARFUM  50ML - 2026-02","4299.1304","4299.1304","3","1"
"145","JE-00000145","2026-02-01","posted","ff316fd33b56c91c4a383043:row-70:barcode-6287020840036:month-2026-02","مبيعات تاريخية مستوردة - Musk Ellolo - ROYAL JASMINE EXTRAIT DE PARFUM  50ML - 2026-02","1179.1304","1179.1304","3","1"
"146","JE-00000146","2026-02-01","posted","ff316fd33b56c91c4a383043:row-71:barcode-6287020840029:month-2026-02","مبيعات تاريخية مستوردة - Musk Ellolo - ROYAL OUD PARFUME 50ML - 2026-02","746.0870","746.0870","3","1"
"147","JE-00000147","2026-02-01","posted","ff316fd33b56c91c4a383043:row-72:barcode-6287020840050:month-2026-02","مبيعات تاريخية مستوردة - Musk Ellolo - LADY LULU EXTRAIT DE PARFUM  50ML - 2026-02","312.1739","312.1739","3","1"
"148","JE-00000148","2026-02-01","posted","ff316fd33b56c91c4a383043:row-73:barcode-6287020840074:month-2026-02","مبيعات تاريخية مستوردة - Musk Ellolo - EVORA PARFUME 50ML - 2026-02","641.7391","641.7391","3","1"
"149","JE-00000149","2026-02-01","posted","ff316fd33b56c91c4a383043:row-74:barcode-6287020840067:month-2026-02","مبيعات تاريخية مستوردة - Musk Ellolo - SOLENNE EXTRAIT DE PARFUM  50ML - 2026-02","1283.4783","1283.4783","3","1"
"150","JE-00000150","2026-02-01","posted","ff316fd33b56c91c4a383043:row-75:barcode-6287020840104:month-2026-02","مبيعات تاريخية مستوردة - Musk Ellolo - PEACH MOSS HAIR MUST 35ML - 2026-02","328.6957","328.6957","3","1"
"151","JE-00000151","2026-03-01","posted","ff316fd33b56c91c4a383043:row-76:barcode-6287020840067:month-2026-03","مبيعات تاريخية مستوردة - Musk Ellolo - SOLENNE EXTRAIT DE PARFUM  50ML - 2026-03","1925.2174","1925.2174","3","1"
"152","JE-00000152","2026-02-01","posted","ff316fd33b56c91c4a383043:row-77:barcode-6287020840036:month-2026-02","مبيعات تاريخية مستوردة - Exhibitions - ROYAL JASMINE EXTRAIT DE PARFUM  50ML - 2026-02","3979.5652","3979.5652","3","1"
"153","JE-00000153","2026-02-01","posted","ff316fd33b56c91c4a383043:row-78:barcode-6287020840012:month-2026-02","مبيعات تاريخية مستوردة - Exhibitions - ROYAL MUSK EXTRAIT DE PARFUM  50ML - 2026-02","5320.1739","5320.1739","3","1"
"154","JE-00000154","2026-02-01","posted","ff316fd33b56c91c4a383043:row-79:barcode-6287020840098:month-2026-02","مبيعات تاريخية مستوردة - Exhibitions - LUMISK HAIR MUST 35ML - 2026-02","1557.3913","1557.3913","3","1"
"155","JE-00000155","2026-02-01","posted","ff316fd33b56c91c4a383043:row-80:barcode-6287020840029:month-2026-02","مبيعات تاريخية مستوردة - Exhibitions - ROYAL OUD PARFUME 50ML - 2026-02","2685.9130","2685.9130","3","1"
"156","JE-00000156","2026-02-01","posted","ff316fd33b56c91c4a383043:row-81:barcode-6287020840050:month-2026-02","مبيعات تاريخية مستوردة - Exhibitions - LADY LULU EXTRAIT DE PARFUM  50ML - 2026-02","1966.6957","1966.6957","3","1"
"157","JE-00000157","2026-02-01","posted","ff316fd33b56c91c4a383043:row-82:barcode-6287020840074:month-2026-02","مبيعات تاريخية مستوردة - Exhibitions - EVORA PARFUME 50ML - 2026-02","1155.1304","1155.1304","3","1"
"158","JE-00000158","2026-02-01","posted","ff316fd33b56c91c4a383043:row-83:barcode-6287020840067:month-2026-02","مبيعات تاريخية مستوردة - Exhibitions - SOLENNE EXTRAIT DE PARFUM  50ML - 2026-02","2887.8261","2887.8261","3","1"
"159","JE-00000159","2026-02-01","posted","ff316fd33b56c91c4a383043:row-84:barcode-6287020840104:month-2026-02","مبيعات تاريخية مستوردة - Exhibitions - PEACH MOSS HAIR MUST 35ML - 2026-02","739.5652","739.5652","3","1"
"160","JE-00000160","2026-02-01","posted","ff316fd33b56c91c4a383043:row-85:barcode-6287020840081:month-2026-02","مبيعات تاريخية مستوردة - Exhibitions - LUNÉRA HAIR MUST 35ML - 2026-02","1922.8696","1922.8696","3","1"
